{
    "IsEncrypted": false,
  "Values": {
    "AzureWebJobsStorage": "UseDevelopmentStorage=true",
    "FUNCTIONS_WORKER_RUNTIME": "dotnet",
    "QueueCon": "DefaultEndpointsProtocol=https;AccountName=awehproduction;AccountKey=qypvKxtFnqAZdj0fPMmZnCLm4x3myCKjcPDhhwcYOAiZb5CTEE7qGJzbHhbjmoF88vyupPXBG9/0+AStnedSMw==;EndpointSuffix=core.windows.net",
    "DBCon": "Server=tcp:poe-2023.database.windows.net,1433;Initial Catalog=POE_2023;Persist Security Info=False;User ID=david;Password={your_password};MultipleActiveResultSets=False;Encrypt=True;TrustServerCertificate=False;Connection Timeout=30;"

  }
}